Ano,Rec. Esp. Sem Juros,Rec. Juros,Perda por Inadimpl.,Valor Incremental
2020,4142412.6599999936,371824.1799999985,13152.120000000006,358672.0599999985
2021,12672358.87000002,987914.2700000027,82460.10999999876,905454.1600000039
2022,21069263.34000004,1637842.020000001,545969.1800000076,1091872.8399999933
2023,30165303.899999946,2013258.3699999992,1535890.8700000353,477367.4999999639
2024,42936315.72000009,2792506.9000000022,1726267.3999999152,1066239.500000087
